id,predicted
771986218856585018,0
855276028675941785,0
48537824,0
41867473,155.43346125338158
28361473,0
51911862,207.63041141022157
579514121718775234,75.76206076934272
46242944,59.96151949867499
5571262,119.80254683896274
594937541144766707,0
772410051557583562,0
13165625,97.21613879284739
29191606,0
32381296,0
50451083,0
51565135,175.42565905240122
47176352,0
924507573112993030,73.00194973953069
45653951,276.57232708561435
26795754,0
42035578,0
49742536,126.3873273323232
48932073,0
15904833,0
759540854095218350,117.95747287532349
29885798,131.3896876242049
655444310450112562,0
11527162,59.167574747003044
18735326,132.49272492079913
606007670793701048,206.014568634986
708158288853624106,0
50916184,66.01093033868375
34123559,199.43672593303975
878232910021909634,121.47427573438543
13713501,390.20235747369566
1045611315361653973,55.17091505367591
4786970,120.90334254365197
1040046224591059552,144.41322279457748
625570783481237881,53.17697131054791
891944139791116055,267.08589789351436
913238009886085860,0
624681474626483986,106.48093449302543
1025595756963913869,124.1187991646214
1019699872597353112,119.82097866164193
946597500033368541,0
783814426160610465,178.45505295431718
32310664,0
45969134,54.13562173989871
48298759,72.59038470589377
907444313104296580,40.434616601808266
913488299577282168,157.92525445738343
25983351,21.759799235444223
42757930,129.31531748694118
23593143,0
1018154571022385019,164.17905095631681
10452642,171.12556050338299
36565054,0
47550424,103.21181349995764
1042144127573276803,145.5821796916267
29371285,112.48807801469654
943347912568510519,260.91030698796953
708592673192277334,21.305298909007124
942678366214497471,0
1003572135121639067,221.46192408722754
40503637,106.63265076599417
861557032662493033,0
30365762,266.89722648464493
596243441049701289,0
973015093684752148,361.0555819251188
14611960,70.61682086646258
29662041,0
25186495,0
905053285239944388,0
942730506191523278,0
33050698,336.7791082988908
7264941,108.04569909974968
625383288503383423,172.31807731893738
53259432,94.92886297457011
36200479,0
704850714810349123,194.793192423101
35212437,0
681583286742312868,140.19085096099903
9452418,149.11634618214956
898543788176777504,0
598593646502067447,0
837119558217187857,0
28918274,0
29882478,0
52769811,0
798650448567800336,-15.746852856017155
16001987,0
628333148081881406,0
53219652,0
37056001,75.18773212450685
34866772,99.94425180914787
1030421287623088909,111.92467503070058
640458573079696683,0
1015316304467261640,-21.36303377766769
1029835970327715813,156.440280639847
801016598307794273,-40.303964994007046
20036818,0
51278295,169.1339673074159
1041987596606321733,20.676797537231682
761210794049257321,23.549860940032396
34336556,0
731642022392703093,0
39063399,0
46605764,156.26096169770378
842879825929468984,0
771844577366428421,0
974812916944535155,318.93029355575715
15496152,142.88116846946247
54257069,105.36843043699571
46050508,0
901343780160267535,8.059047445903506
30755892,0
905028588145465694,0
941941413832717205,0
4632510,0
15146320,193.65056329537606
32383305,203.68446220448737
633979824372105275,180.96558413103557
37319985,193.77804319539726
38666661,33.401973324218055
563905511049433753,241.843753997959
970978356701016487,0
47876359,0
51282944,140.8438074654488
1773025,232.28079892197957
1008667703806508314,0
15643384,120.66415058182056
788314640784579135,60.19801665066086
941402422107856795,0
1013220338414064788,206.02205088932976
843717931038778177,149.40606314062418
20379610,0
54388333,0
51171620,127.75645316755416
44451347,189.11286702222225
35496535,145.1996034442877
36236084,105.3379315977266
42351786,228.5503700268834
944178460766303499,42.4743190744361
934933485389529065,0
973692467290595787,0
32125479,658.5905188007073
13493868,0
28916065,0
19136596,0
913148870475206987,0
50445562,263.4394924897318
956816623768702059,81.74045462386077
1015934281620106048,0
38351431,299.6457890849782
690610089141214620,114.87598046868611
609209800383175853,93.89818529444308
41884825,315.4661123398345
796866365414874330,107.48815048095814
15342084,126.73338004268982
22833440,175.0902535668469
45259783,0
30755675,77.69293600147375
9995220,0
8689532,63.08044429642943
633224373642797274,0
1024876259211895805,137.11273331877666
797853748914370184,295.3129607922737
6153674,171.29053597548523
869568105657919141,0
714670954953850372,0
15420226,-91.593494571602875
921763876195386148,0
949197283155584669,0
864625659027256128,119.97550821184089
927675113233611935,37.439610025521866
51129231,113.8325656855672
20306736,159.8606176899142
808067261823221295,0
29216241,221.87812496910578
20647880,63.688209879322564
20901369,134.26875833952786
51565391,0
2715815,0
16630783,118.47095827105578
766407914695263401,0
8936446,0
9059696,0
598554885297228070,224.67618659171524
51710533,32.67757591942533
38777674,138.62928259064327
52504381,4.300209298962185
15149053,0
48828799,0
47859074,85.38275805613635
46838034,104.95853256018476
863182382072254344,0
42933476,219.77025401298243
783954262708483730,173.87965093268875
847586523954020563,195.14008235605894
826202255500238246,0
989056018583736661,49.773775409740594
589382549297392515,75.37019344995991
30819025,0
650109685913019875,183.50647092436532
1000150966265954965,0
852321564017044286,0
577343244199118396,33.16250367528361
590053326572153417,573.6324911830344
48397983,0
33249303,0
776945115349426724,0
573756151103517447,219.52160847949736
49630536,369.8047998486142
4567558,0
596433327817896999,0
44114462,0
592038400483879353,0
772022859463803798,76.64052527583362
47856464,441.19037891521236
943776082540605608,184.61699093992257
980667439650670827,34.53039722606337
1039275189973130378,0
686257336261313605,21.755971055704993
53362605,0
40471451,539.3320045019772
750021824599680179,0
51211027,164.95799689857648
49054417,118.50053013243404
671842529766765883,0
8339990,141.35263747419307
622991262269659235,0
48996714,224.17286622597373
724223525430911641,0
1041569642798467379,76.27430882262223
5996942,0
952952103794454598,0
963234142691678558,199.90250978798846
1010761178995132588,80.73442056530628
34624805,64.39881182609392
705809815162105610,185.77668102080517
681061353526691240,11.23161005258101
839771592578457127,0
25015520,109.94490909284023
886768668260097617,32.588390108366276
6588681,229.62120037689374
5576190,0
950990241592182914,0
11637237,48.16108250375169
10011290,0
13080765,227.96825838413804
788314790952481922,47.952868986023866
911734847579805689,0
29704782,24.313280264238777
48303337,13.793396953758561
747368338986412029,199.16152717921102
913491043028812762,119.22845735081637
34234154,441.45516287963704
6480445,162.79420758973944
698517827027747429,88.16282100464325
955755972868671679,-4.307691908572997
766056605942339033,0
12808357,96.75249565816988
666379981037289377,52.42138557395526
918849173765688151,0
40029774,0
969758538486712653,0
44213162,0
822415499615430328,0
46491381,91.47338887460022
863818946174641950,0
189821,44.213196221456734
585011124183031146,0
29942397,80.07883871197889
631298805350651005,123.49204061442403
626649448938992993,317.68129741752614
914640347991209691,0
29901389,140.1037201953159
788122493114685764,23.08331134841767
958269594776724726,0
741160821559207298,261.9150237377593
642666613739755218,151.2362661599844
50541693,100.99838267925593
690442967819123757,35.596190125532566
940054325461189267,602.9851167194329
39001720,49.33211375575007
735349052958486160,310.46440311295163
48867559,191.44212179755596
24010772,0
777399024172389904,184.9952208233577
41838499,0
988078340778946232,0
880704451494884298,25.36992005701709
27371590,153.34671514794238
849355136099814004,0
981060997946247979,0
1043811107091851459,175.00675232094494
684932910580123091,60.571236708703736
700070970544464062,0
1032061499889156917,97.05350920306732
944870414494658247,158.0212296971261
708160801959368019,193.27955099106416
49987984,85.71552680605964
50694553,61.96863738137252
942304346230048564,0
553581365180156979,194.82100809426865
3742513,0
956672625557840126,0
28564489,0
53752029,227.6309612622225
753141329387878879,25.216096863233695
562446127031517265,63.414419700343025
964634328711746716,-21.75614109861665
981840798797105880,178.96318035003847
18326185,0
36109646,0
1025229276336863820,125.48206984661688
659645330677965914,53.430757832179125
3031898,0
1045650409760380671,168.485002568801
11732807,-3.1340056599714887
48734023,0
877561641890997681,209.06633777891727
31211340,63.368364939678806
48698760,162.94695956610158
773277395382707715,0
618897106959096504,42.61937903320541
1007508248496116741,40.458819139472105
734907252307506510,143.45585111444393
780431576971958994,0
1042780151260089532,0
1018166872980774928,136.72287346209325
857919831773530996,210.6572453994607
730336781431482164,133.4964987509027
34147220,225.72897159892122
1010988814363994108,264.1680715965738
602754169654728697,236.7241255860598
924182023203042196,0
25192243,341.66866183051974
25861262,96.92623410588304
26713916,0
33363106,75.69637755701312
17382991,0
829013445773562476,71.33160953098019
980633130019975644,107.88174308845923
734871188071815020,0
887038,210.73997700407642
46282113,0
37530463,64.14527170828157
25064515,0
40778302,61.96873095739777
7360731,39.60816531715556
28152683,93.53393517118454
1025226558564994312,0
732739952276429247,503.003811697234
6967492,302.81686820237894
49567370,41.96917863921582
21488226,0
968393021603989682,91.65044906056941
961641139749236996,133.39945530805434
635479365765547530,37.53211116005577
741424724923405398,141.89905025190924
999244011470337820,132.18664780301063
689867740143166157,308.35739459936025
6713251,0
39653366,0
771833143252848397,235.42159232162533
7370245,230.19121129228034
21721261,0
1044584201079194361,0
30396840,144.8804723079601
31777552,145.1961949829226
38540686,113.6334747762362
13488091,26.438719639430595
1034988224932460622,0
955758877506155462,52.99986912569412
881193787409698766,0
598752068768412083,0
19263774,0
19044554,0
794269127115279841,18.890878889006494
49595463,139.7478432720334
45424624,238.87315337237067
53850904,149.3593899564875
52773402,113.94804036375268
960805856612466110,168.5820755182869
51561068,-16.524164970849842
35060034,88.41087284911569
593437605186569908,151.09145890710946
798671296196848380,0
39105279,0
25232674,79.51378822027529
944124311890821852,0
38090415,10.025900351467014
12334385,0
51212716,124.77067451978716
994928615611861689,110.03564581473249
26991799,0
22986604,388.7286566236184
888412962571500107,95.05499788033558
828348415319716243,257.8134949279405
8953380,0
983924810658999469,127.37901297034959
1024029262532076885,101.93604616251524
954290865421457015,1198.026858961871
52042542,77.70558255775705
32574547,0
1026037885697614966,69.8299975946623
937976100420791943,81.57643370937426
582921667905672246,126.10307440890034
24621194,53.073090919000606
616567793942868854,0
45485389,-27.168283126029745
15010784,0
53512325,225.60671690030279
891573703440476424,149.31816080605083
52664768,206.5444745590039
52258014,251.1972320033222
847106845472806533,144.9351540760221
553577689124206856,0
789107511854277110,214.63387263508628
605851944584220485,0
50677599,76.90539972360438
852122705716607411,0
670900286282546556,0
22827281,136.89760822527094
6863046,0
661335305594513869,118.17045612783544
1554433,31.842195404636815
810116683673617220,0
674784129156953603,0
25500677,319.9760367578855
998028914985819143,111.78996218615173
670218806951999111,0
876460369207261687,185.74500930617032
665311523470413415,0
658495131439257543,0
656605955477815592,0
992815722104236376,0
20947233,0
37571365,0
44472905,89.35420970519834
900273084979590877,97.89047054743659
1029791244448107002,77.50511565260238
811619871047184595,103.76318001835271
696706842032512933,196.91345984252362
16488400,0
820176901733083319,217.75521411174668
1023476062666668385,42.28247685656273
686140374204720785,62.34846360424038
12268349,0
16716143,6.160307185156255
48611473,0
34224437,0
24486718,41.34651602393108
945890649892355399,0
923800192536268149,177.58993097780683
1018741655417489265,526.3889028731293
897365153497672853,-5.320678982546791
20012365,0
47548236,25.653459024340208
964704660496876780,76.75837081829806
626192524373148468,127.94055696328971
945257250578508889,0
905054343642234688,27.155689888898674
908819647156393784,267.25294074706284
29120761,150.1338487649182
981184299272982924,0
34322512,0
15771536,0
42348297,249.025395377072
975300414159639624,0
8098937,60.70590588861751
23683187,0
41300438,0
732705786053843671,32.370814941863635
45368483,0
4730797,0
43414161,110.44193262382304
52055960,0
53166491,0
52024254,0
17831075,0
48000856,124.5742992430235
584857119580835117,375.9221565930461
12448898,273.3436608152722
51731514,268.9026662217242
50266751,135.14505802523146
15744964,0
828949232132275695,65.6564186037782
38131074,225.16658692056438
889709939292535845,24.28794115342543
34945605,0
723922163282003817,0
907264543028348019,0
699927757518228053,0
52259311,358.46484686263875
980390613058121976,-2.9183031182275196
661504248157471561,0
21860008,0
1461451,0
34622778,111.97763024399175
46416869,116.17726918102805
776720213781738532,0
828417860340180137,0
832706625613090818,0
7989457,110.25894145101226
48954867,0
21605962,0
572578787799525153,0
53496895,0
1020262502081612519,0
566652703587145255,21.559494747406863
961754026796702594,0
44206651,435.72477104293165
625417903668863470,153.8994744657813
943381465426587760,465.5064632829447
1041270584676550690,123.39234010051514
34714722,0
1025227627061614781,0
739569334747580912,0
1040706816086135061,0
51911290,187.6269171389838
36808735,42.951507761969744
560414690961861324,230.99021904194677
860195499625473435,0
25920781,0
46485586,123.21938466558025
781066042735737365,0
48279983,0
8273701,216.9282532479998
46467879,0
623938250370006905,0
27308270,80.43516344720989
792540789158442641,149.67932642559487
36235560,199.10810285969177
752378098361825648,46.3320757354145
1014040432439844931,0
615050908520321131,0
47334435,167.3129329477115
42234877,0
15216905,150.47495962416642
42951790,29.47281513877878
881758482387105946,0
41805167,196.5836702685774
24239083,180.31815558893777
916519697215774767,0
853610740524849113,-16.88332225473633
906087590871201823,0
29105419,0
48247709,239.26415683223124
878893471211139160,171.201234890335
40313771,-15.887530699695459
34534440,0
1025226455798582194,16.758741360831973
27638781,0
48228569,0
1018353693969649241,0
890847054052509727,0
36772591,160.1458643751368
671643238802933996,0
41046519,0
919702078476103189,0
1007561701884511617,243.58374706439133
774617913244848660,0
887921198436915424,56.336718537860975
51450597,310.37205041957276
956631172832530257,103.85768264350206
33167326,0
742048096050574739,0
46920402,77.32070617534472
36351917,0
35945631,97.66450760597783
1008638181580908632,0
48117413,68.38510548356228
23503260,23.314430500141164
37273935,0
836782194065722277,0
666383478748660035,106.16214321236315
985833082129999886,263.15009527394943
633527473532501775,23.875751209316412
11476089,143.23374454883665
32815441,166.8756082643888
797862274646922471,56.62544995665837
649144703975839833,127.06747394633913
51576154,606.3690520014947
994345469759156062,138.8394746144618
822721953820296954,0
40201619,0
50566631,0
1008174352776184681,0
51288746,364.3006736670108
38209026,70.85980345620806
20181953,140.50930243017737
681809013516648501,65.69589451513662
644730501256968407,0
966148804844532645,0
34932141,0
50872121,0
13373997,49.647699293680574
777508171927458329,0
25544119,123.10694649928332
950973449803323914,289.0838926358021
22397026,0
31153452,0
52918623,0
929855277897269664,201.27496740606801
29052611,291.88644384733425
852125358762297329,63.89992820320738
40419469,60.700842246235595
772022042817683681,65.518714692611
34139061,96.22123978012318
52482841,0
1018365452740584264,147.02363759661765
684604265718052829,53.456624590614126
865887464040028165,0
22770779,0
963852294439050219,0
719806785283511982,116.8123005303081
52766193,87.01545897534265
878900448062152565,211.79115969935975
14085322,-23.292512479409083
711763282583895447,344.44474075364695
31878221,0
41391974,351.68030149494194
18687892,24.946605911414736
801745070603806661,0
52335832,107.43626103855136
19454398,153.14144864471524
923715367942289335,0
597783098841871439,0
25185506,0
49733748,0
7389646,123.87073879097603
885787589188904753,121.13237061171671
44566777,119.51969440781181
799471731585031367,0
887649526029206718,166.74807513907564
715787546779520102,0
23076088,0
31195091,0
24916674,146.2191871841891
19672865,262.61373878459125
913490551529941414,76.76757199493417
54161339,-3.0880163921725123
565300855768089978,331.58929645899383
1004656251550510241,0
622240098360474687,111.5282841372406
53542223,9.124792936583956
716540562912475512,408.5133176685811
18509024,0
12543743,229.06064242251443
736114549971355224,0
563896050920155721,153.591496030576
28864302,0
803574809376297306,67.1736469166876
48712064,0
681230186812530893,236.99784122116915
913494105384201572,0
975407160632841105,366.0245143293544
1008704699233067772,890.1247697335369
551711882028335239,0
32727041,0
657448466403761651,0
27130424,118.55114670664214
902377066235617518,0
726376,0
839257941538453058,206.95206482300057
5537682,91.84652743940471
51550386,0
638008650510485051,193.7468458381421
822352861278654749,116.12105660084056
34648201,130.432797132831
959571337675133653,0
882058405823900831,146.51326280972862
880499721311631615,64.3949208152716
997153716346871520,79.00829250011482
910074028570655881,172.16573695809367
924185749123262270,77.73195286635638
700756881572123144,132.97760863969808
841470846225476229,142.7804703925884
42395595,0
817297809049315206,0
929757275013057995,7.999589854215022
4243309,0
54085255,-0.03378187942695225
719584785791207318,0
48864066,121.98454575122551
588227833007637037,185.77369032521395
727272726697238593,0
762806009449187953,204.27665091191108
640034142960477648,0
47891360,132.7088802163996
35420803,0
785519807822092302,0
20076199,47.50595657068339
588450321411010228,113.18147234091008
48466374,120.40630631767547
52208087,315.38353794058185
26428768,6.036021703443011
50269122,0
6488146,193.25663116825945
734712505340095433,421.13231868621654
53470256,0
20650575,235.1017059955658
1019723531349626080,0
46641653,0
35730130,49.163873197861044
829027478161126941,367.6321304586016
19246946,64.19594635634448
52887284,263.39128411500326
956005013785068867,213.41700438294708
979117187791196537,26.210279954203862
714642874961353638,0
681808293678686182,674.2443465339011
755156525556610744,0
54084736,0
545013252462058619,176.8014796403106
43486597,0
567390850413961918,68.2658376188606
621236315653474714,195.02502405350447
1026029923078247358,378.374412863496
48905513,274.754167836415
716537890901266345,30.723747421680557
616554271606503988,0
852281857030792139,0
25512227,171.79668574003432
700062925425980212,0
45812538,0
36552703,0
21696464,51.418089391965175
983937828106440192,76.96474634839808
801311867487505571,0
658174043006808192,0
53068386,0
932495128014073257,43.584806129969756
5185790,0
52724296,30.404272855102846
586496040912040422,84.55868659494702
953506407405521475,203.5629218571416
913490280814138760,189.3233612951625
765378899319829745,302.63936124288836
15758556,0
562897397791963697,0
649123544321953802,-25.935609151211235
983835569734671399,-21.55393852450574
41756368,97.87403143518125
589023708936836881,147.4791846359947
797366668806692109,87.86740220254906
34043080,0
626317274744748780,0
952804942141788136,863.1860461615667
619441009319934273,50.90215155146493
24865372,206.47332341807203
43500660,204.08145319069422
42920816,0
832769814566740250,42.52587094601427
599855118803818815,45.29330171049276
52961447,0
36236409,43.69178788637827
32048272,0
13077320,0
25233798,128.22339893142083
49255953,474.263703596601
1045744571192116871,0
25808833,184.34357060649904
958176890537691747,25.547042004751688
41535491,0
44135080,25.798975727829536
40619449,51.72706568975375
35926772,0
3267902,417.18544077922553
849944759841980781,0
952364778612506804,111.23507054240024
36942741,165.0249477477368
975402333254169819,59.73976785852008
1043747209962265051,136.9173034650386
747702333999717077,0
603028268207775071,0
38909140,0
14197548,58.9275349128892
22752271,181.70355663566016
823105217263467524,0
49588636,161.2446612034845
811537270467013788,0
944098429214367005,403.868622855418
52112335,0
630486532402180668,16.559168302554692
15011149,17.77982811918174
932544758349186381,119.8009549139467
854370910509250602,0
970364880152686433,223.5870937571823
968319771367582441,47.285618861645894
54110494,129.5529059172087
27489795,28.052646652024077
54341408,315.06885302619804
756561516409346975,0
37866160,0
828372613145965893,176.1627490470995
6528967,104.27264565339026
43898901,0
40060795,77.76365761474989
51781759,0
49633033,47.1244127489694
51212734,80.114583455986
48135056,119.87111583253059
37371164,0
781186064034113431,0
6897078,0
592815021305952457,224.06478808607966
617250533931743110,0
27890313,0
670960177752658643,54.03884906751895
39075656,191.23303530711243
18345065,0
53495484,0
1039862399623862098,0
840681511842586631,0
41838755,132.0828067344839
782676831204335694,0
626654914661354275,0
680827244361813788,234.60088320217307
19944137,94.14816450788025
651434453197526155,190.19631644849954
730492477503214237,132.06351726770416
42035694,27.633367038563275
41568632,121.22051380725324
38130834,0
22598312,0
908770008164516239,246.3359121073499
44113617,143.00540906738664
807233671529659173,129.81707777544807
39109174,0
31302521,0
567375435524176861,0
24631833,82.55935077643294
642212147234433335,25.60358495168706
17832768,0
630198447928377749,85.4628285389742
1046755599184326242,131.79695384168537
35578101,76.01138311478206
846322108740273703,0
26234572,44.79442535280959
3308694,174.50831074459393
36885584,112.59747641325525
39505693,291.2097471882162
18077204,145.11543164417762
51241143,0
45485313,0
50282484,103.15329341287706
53023403,69.86992844761986
47747730,115.4647294894596
629751313472153815,0
548606308523478659,0
648762220097229568,0
751784070006845521,65.85821950417443
941231194429802379,15.539639693779343
21553035,0
33152596,0
37942661,0
815573290694940646,0
1044362563524481433,136.62006812456733
566152136948098264,161.00891308500402
673989649924745489,248.8135817042976
54096491,0
615850055810564857,0
966091694416552616,-32.45752317528762
26755973,0
591540741409328129,217.68001952756364
10100747,0
6065318,120.44784660978397
5537683,0
1036307546100129811,0
746618158006531618,0
32668765,0
40491141,0
904376450165385857,0
667948957684071177,102.8523762672982
1041994120347570469,0
48013791,91.46478728357953
910867963712347553,121.75995056038258
963331552973443674,0
673288547514515284,152.61156994146486
53493119,42.920186759554774
46491411,0
44126335,0
36063019,0
1014540838979118234,85.3459617087896
800776422945758213,73.92396278449714
614652820447520785,0
823043786042430135,0
972041880181560435,0
53630165,69.63061686726435
909368643202014994,51.091071338279
744883162640629081,146.6944084610872
45864331,0
740616928303631888,0
830040658371944820,0
685645347475225424,164.53771103972772
968251565242963868,0
43877038,0
672611306442525889,27.57089973242044
10997225,222.05334789685114
46082311,456.37687392647996
943350688537048414,75.66183312595035
805305533860390099,245.3267250509882
17070047,0
562194332010521798,0
886675068129002686,0
843521883755311534,0
53227524,104.90501637982555
730295621370147216,0
2384,240.14998795923384
22389768,75.35612970963496
848823504564754000,0
983146226004493660,177.9840364220495
52359153,71.17185843570496
923305712535273081,0
903473539615805279,276.95756315081593
552850284035328504,0
53479347,0
905062144960239366,104.47929271560507
700219220847904319,0
726517017209207196,17.948530398807105
843403466060629096,0
22398218,0
51028464,0
793494058458745362,166.70415943802368
912969167160250468,128.8427076841616
48198799,86.19795264309356
673953255538696495,0
41886216,0
655103076511739888,0
38099565,106.96605612708315
826909411087389923,76.43683180734834
871295168030647381,153.1770170340923
695563674739894647,0
46295164,84.52595527280614
714608964612479813,62.96108505696486
2103986,167.73415635346328
19424810,276.23118054366955
6993421,0
51118058,20.159558660806233
649974943915158739,0
974728683184468629,647.8004407125676
27130224,0
899292016907591427,159.1112546511325
23488460,39.05050612628744
48279927,0
968798652440071530,0
48630044,0
666873841870678265,163.00476198286307
740404553369590115,0
54116435,0
12684163,0
29927726,0
53591341,87.93706278725918
38675378,0
649465473392034507,0
671242258064723986,0
50031902,0
25786977,248.1807021295547
812497751740798714,0
54338089,0
761071522423068825,160.3570081956207
564685429164324108,52.06956651779513
942720674458276901,158.47573626272143
13972956,54.896686620475066
207218,70.83667862220642
38746916,122.85986125279943
948385533066604943,0
23122592,106.63326017373298
16052779,0
999990253135420490,119.22577329617118
49241812,0
828374129360312840,0
1021326896577423341,0
43358309,0
51463554,46.49840723169833
889292910009850488,184.66564420048675
50870812,155.69606958505918
592061416301227776,65.24374948378403
942826554375091343,0
1025227677352430422,0
832522640524232781,0
42076047,0
752845581184221318,0
21252535,0
955673631917856270,0
45952602,24.60173905153364
636275682012132479,71.06186889652658
929095827379608864,45.9290899901851
49450566,297.9453542851688
7906341,182.49464021455657
1035859340910656283,0
595948293511661289,126.60105498328872
26892171,176.8647737888471
946562224628344160,47.73626774098353
29606788,0
1008747993264965773,0
11145640,206.58449355143108
12956671,349.08718890875053
50212730,0
677514680899554957,0
747005041338244648,173.09870058192746
949198484757783930,52.703843716116836
967498776904187803,64.7783286102567
30998638,0
744608589618271514,145.2027572819454
18918084,0
651725894210064515,0
53434333,43.00938345501961
23590263,191.837672743833
744889179453188418,241.00334620750624
908976839770918543,0
41746689,0
30719085,0
882483449809358247,357.29383360020364
33491833,34.527824219945465
993658320893903348,0
609262363582314932,28.247441801389012
35927069,0
18464680,420.11505353902226
550851566834914606,142.05667432767248
49579795,62.158593912036
39017743,61.34143451631496
38979354,0
1026221631886644257,161.75894386652487
27169700,0
32148960,54.264942430405725
54077164,0
45494623,163.8333345862907
38091600,114.86810923859902
41481163,0
571714653003583037,0
46412765,102.6029454268792
717059124390294862,70.84703260871407
34781183,0
955630429287160164,189.86161341316654
20818822,126.90175728387032
799484939337303789,0
35681792,0
641479134740592412,62.73227561064817
40350268,0
610208466828381960,102.5786289869806
576655534825585579,0
1027034100540106799,411.282052906579
29880855,0
1000638599625172847,252.42757083841923
42395555,0
598639762355037641,0
656554332722168423,0
45304237,13.039874975663732
49733110,0
25456143,0
1025226341120749413,121.94994401047066
917716192466382191,61.945913262009014
14071876,120.51780528585215
50304485,0
34303597,0
48807195,62.30059335091312
25674914,0
24693882,0
696504348613327379,196.3903402403417
21052998,232.92604596255137
999214500412295004,0
11207835,0
886216778024388990,0
625099973226974009,142.7368103614487
50171085,0
8702851,0
685672822564257217,285.93106213493735
944954148541326082,188.39751920279218
948449767684132417,137.6872673034988
18301586,0
719770149171551078,0
761567357785614875,74.05252107598517
905061068318514057,95.05241510572233
3979385,68.92608091228117
705238888350639672,0
39222987,138.57588848218242
5231461,422.534685406922
20503258,0
725985607056362100,0
1015979742897011656,144.42076684448816
1034191308346681746,0
11146814,0
687634865143981883,26.99120207557868
994122711007825782,0
30121968,42.39825562645748
627936924424434992,193.38005696425193
49809457,20.781822995556613
572359829377887600,188.20123692998564
657994894090367037,146.9452908343201
992770805579533352,86.82682396315106
41914303,100.62638408750455
979501367221518576,0
32040658,103.68992577433856
49688947,159.65115203344854
1031683925476986944,-2.077660433128705
49225979,0
634380865591953224,26.030357853965718
21214671,326.0983037389631
629905287616231330,0
1046593245392216685,83.00808121124255
888727071493806793,0
49174223,0
759905757307684524,92.1796585283062
887657375154296515,72.994029879389
896012270446217166,0
718233876355682821,0
948548650582802637,0
771860062577897747,0
1025228514477133421,0
626287704198387143,86.27143635857557
589035205475226530,243.41499804264464
47332851,0
3068787,129.90307452957512
949137232957155563,97.27387540700681
711835451777313359,0
33527045,31.881319414307516
6424931,98.71382940651111
53328095,0
1028193257529692820,0
655609726305148270,232.7510429358864
43030415,0
20543019,-5.040112512194322
780422673728726777,0
52282954,128.52513610770092
1034193653363427916,86.52165585639735
731757196133700686,0
579606258906138547,45.474594912861924
20759671,0
992090101227308614,0
644304278514508886,0
690585430869000519,179.6193492488019
37326412,0
908698514831189143,0
750635726221315406,237.7163694024527
6057908,0
53289543,0
50773644,0
838842840540884922,149.84746099980092
829043669154862268,0
36804964,200.7429144581215
839896538843378470,0
932548702047898930,80.53903965102545
40750606,133.80802674340393
52053036,0
49016514,0
7562307,28.62217643737733
811913485904125543,0
48553669,175.00020998364303
52766181,38.77228308014458
15950510,262.3456183958071
668726727255245788,131.3141643102917
15957773,53.9390745901685
644879181786251141,0
15500209,151.9480772534109
42971032,0
29157741,55.57856094750559
926109884132328314,255.65242261554837
814198516176531410,31.22352969023642
646196695872568403,41.16508356551997
826797915369571515,14.617114374408207
842311097895369481,131.73615674301604
615857972878323296,176.86276711968674
26897622,136.80625290373567
18522455,0
48985577,0
1041338470937718401,0
19730133,0
10280979,109.443059361278
721544972642408247,0
1000162236702710623,32.317027949136026
43498654,154.35760883390677
849900737008649278,114.31155220772882
5406217,0
571798661674100491,0
53516176,178.3438258751395
875469008216961892,0
48180138,0
1030558878025914302,218.29145276581002
989348706192978469,0
33998121,0
606436500480197324,0
649370730031132631,0
29280135,419.17151929707535
1000071427632382596,57.173282352446094
751429502587796284,232.00655014542232
43055338,108.7175128203821
25895701,0
48563615,0
758822458231171083,144.40309363919394
1759389,81.29152120320832
665299285912865157,219.71385098654497
53826192,0
839692805691536463,232.03940078457356
52246034,0
41618243,64.69750620378272
1040976605525453373,180.40604226706967
705914490824443422,247.9674185029024
625506881807444115,0
910931993733888486,171.24131471780709
841470096685898619,0
2832376,0
616682030967948402,0
28612926,145.1773090509931
50793099,152.03545960589614
837636544813518692,0
905052830777674976,60.91508560345443
646386625230152396,337.81172521306553
1004617231268707520,137.28161562946005
665695661422761067,0
678826423834670530,0
622605835990770371,224.31449082724703
27310680,0
588852631390074373,281.9465449460817
837654001202334074,0
21551769,105.1624334648711
877441853714388758,0
48292161,54.67792467101981
970295426437880124,177.90111747812378
27101218,66.42161552637697
619724359437253955,169.1200447882174
961820078290644197,48.24343931879414
969756474379333345,0
53506826,138.73059476033492
40780053,295.919322115756
696927122155046737,0
745902529441815922,0
772743368753994898,106.62081641734737
33185116,0
21157736,81.95875848398236
745491337096154741,0
936240339029923636,108.95566546969535
19000293,0
1015406132816015238,23.124003708048054
28511402,117.40318037496301
721164843661234870,0
889363292218853615,0
660706955664750310,-46.463882267788236
71930,0
884082298268360670,67.66693163046386
868075243974482141,93.85281974899952
1040094345411405955,154.26932365584486
968215636057391689,0
40847481,44.38371005423594
975038581146287656,127.48512954679022
616560273313483643,0
23683517,47.28490064102264
38976168,51.633365947549684
877739471729912742,0
923790829001487085,502.47643367487746
906098573976870747,0
978536847879265711,145.57454947705335
691001213391970027,0
943404865074799612,0
1025227728504537929,0
39797702,0
45726663,0
53416402,0
49753414,0
44472684,0
48247889,0
50103759,0
22946590,169.64370659475225
41708809,0
51067175,0
10254486,24.043685890335787
922648766981583410,0
33154573,229.83000109190368
30687839,0
27584585,244.8777313945209
21879603,0
905063705455501417,0
997376671900320269,108.74101234726194
551889995732465629,0
839869125742606135,0
44116982,0
52842931,0
785429886476112156,0
742601894228151789,443.6285885716782
9679005,98.0289901357502
53584103,198.2207928523334
1040293294070005197,0
30818831,0
667336979048462619,35.58772027037259
17098971,0
49515824,0
24894665,0
50074348,0
1025227523201353015,0
42508017,341.56719350300784
641465120871879330,586.3249952894239
963069246601934989,257.11352112794185
23850772,203.5958260737356
26774767,192.14998243609685
54013535,145.58406673379497
1028235888097727102,108.21133000157799
53183986,132.12309227787833
710833156787651100,0
879280682666693862,96.7383471287749
19554215,0
42795682,0
49485163,206.92117429260747
1036389194201129302,0
704112947938610332,0
983392852203137383,349.6992021370181
12070222,0
1023907137082358440,362.1956052779069
1016848182825128415,96.21840830402623
768017798932845929,0
619763577593447270,115.05638021002157
15669026,0
36693625,188.4986245289244
30088902,0
24947013,0
954231295890721669,123.92810595189546
778396861613196415,0
658468351344191724,0
6724355,116.86282657821657
908068048397189330,12.928786831519684
682063347378115314,209.31847176925385
744981670669870953,0
955190634465301173,40.74182306358217
910258989284341492,61.815310949526065
33899292,65.06769263065922
679762917597826939,0
997125047753211740,0
601291927766069105,76.27383818782974
38218625,164.53677036369413
37865528,0
46918814,0
966137,0
716540000651002900,87.4572926590295
724560767645377736,0
1008537544742721511,0
772761488160509011,57.86364796099696
1034001103379126531,0
13295757,76.48093833012018
26296254,0
50020159,123.54232569875192
54252299,13.373342329993417
48867132,102.85241070907834
53512395,133.43062584599127
32669282,0
897674850731966240,0
878921553127898037,64.95624275221496
25191501,63.03902191462146
1020115215865200343,0
51519426,0
1044908124687074157,0
51389282,0
50138074,241.9237555316772
53684500,0
691318629391940760,108.63005879753165
36694273,0
41620772,0
52667332,78.1609829897468
38066904,0
36603379,0
27962742,0
925052985914700295,140.63530115102392
33409131,0
848326782886525969,603.5195204435602
609477882686825353,108.95673340007424
33940898,33.27275748881191
41241746,0
45530485,0
45453685,159.94256763642372
51465442,156.32656988481486
663669574638185155,60.556533700982754
53495617,269.61842243317113
744935648948869793,0
664571763325080671,0
708162562217061499,312.3687277381568
948548117959019861,160.68182323208228
24410957,0
29371395,0
20419957,91.80110978701826
748752917418373635,56.393803622141036
15322642,0
744317751645139111,127.71565860048318
634612676327543472,89.48948923488977
49276630,-3.4527760562816288
1003613973031775868,0
679028957276218967,-45.44720470238398
8918966,141.95604664875768
798035438434398838,183.89537041150618
896622548424447244,29.382104808084474
47963169,45.49650065029561
768679457151700568,92.31967800565907
46053960,0
935582559920169561,-73.39143260053568
720419181561174032,166.15957835890936
775491385861485806,83.55952296162745
45649212,377.8924193619584
51741911,91.20125519785172
832879362742643473,0
54384620,16.762813451331294
1000208213388959451,112.84740909167384
46401985,-2.812222465707357
758907337720590101,0
599354931252004896,285.5873141150379
8181598,0
955675694660694717,0
53423379,53.30136697736748
51940418,0
617256554348283083,79.40757878593416
26221841,431.0588227562134
53943083,27.39511320626411
8770382,186.87188816447815
995076531993903148,0
626103567505773297,150.7331900368886
20756430,0
1040939977416716233,114.97833921287976
901440574305111202,568.4647275333926
890111668461195592,0
12536277,129.28822075057934
48939208,105.01074214168214
18636662,87.47673331816983
962423750665263712,133.13048567593447
1014685766118926295,0
599853040833393155,0
844199899790461053,563.892911168859
828223193431882832,0
35403153,476.74092874397195
1002855522940211108,0
20235190,0
24916539,0
850639894710619740,0
858703236133238528,0
853611669505294483,156.180134391042
923289237324322527,75.29444436164901
687700770762472438,0
8563504,110.87889474563492
907440652156085038,177.3554613872575
913242752932481204,156.03335562742032
6386641,0
700140434654848896,56.910613435125185
50146852,0
1034196936578768241,46.19917659919545
658436757339716693,0
54156639,0
53519278,144.80995207087673
19018922,0
749834471664302006,275.5943927899747
852130501839194507,102.55070278603651
1045894315887715786,67.08002454330057
888878572285700076,153.98608024009897
983942005462680007,91.37686444066865
51551406,66.54828217604444
876900982784411416,88.58468670764161
50249380,219.3453230216489
25191782,-37.32074974937761
722450361673837045,0
807875149223438312,123.40062243800254
37721986,289.15830901694716
545848263758492827,0
549111215445191130,240.2075153206448
817646634236562901,155.62895652775325
643282473274113090,440.3438687176879
22588022,672.0629379791933
945497207573182464,49.51121321318308
903081205636636005,67.07993208401052
13621242,187.67614372114295
737004540213972225,0
44633608,159.32340980245093
625435134000284113,0
54393279,157.32887952021414
47327806,-3.1972929419110687
736054780995720114,85.84759756162221
36603454,0
946948795869099240,33.14243093064008
944220056498985695,72.64193683416417
743407887551229557,0
932551566662962926,0
635687858805931507,174.34983379706932
53161897,128.71795569705972
600672336575869123,96.59196014294709
691316273218731600,178.46085839287488
1040564080851083378,160.2974543064573
54066415,0
26138093,0
21486813,416.3918433594831
978572840391078096,237.91144861082714
11671188,137.61330031140577
38492820,0
51235247,74.75836850037656
8889577,0
21263821,200.85011459501132
987901872444641793,0
969159516611516032,6.7069963734512745
980408557655615448,0
49568068,0
49732675,219.19526058872052
41455518,0
40674594,0
45731449,0
24672882,0
907475998974766052,73.02146331652762
1026035075481331527,0
897099337125982608,80.15742193830702
855678022513997841,149.20805509228646
46135202,-62.65155676662024
32934782,281.6689329537567
5205377,122.14112664729609
904418978771117050,53.99961299204432
822519156174601489,212.6059291304408
29053143,117.88113636468294
18274159,133.5291672964528
53950911,251.24787767153538
626280824411503343,131.34342537750126
31088966,109.57199810600302
34182231,0
29392758,83.38008364595356
864468892539701928,0
44042642,321.3048618872837
899370629988417105,232.68245396595887
765716553214035947,129.98634573645262
49174271,0
1025226398921381361,0
1032719399053894475,239.12755702160814
45867707,41.86203368017208
979154905534491998,314.2998218321514
905061654202270134,341.86054054489864
811598959762017418,0
10131101,24.478107403045307
932715382817929341,0
952779676384719562,150.2738918264827
40731871,0
1010257691109275056,0
616581982132767071,454.14193476733607
27063669,278.8718880418924
20601137,0
39557322,211.78273203100636
40721200,374.46393533185227
881501234757439024,157.3035630367239
49156225,0
37283545,0
16757056,114.4320707688105
17383973,33.469143631971924
46379688,617.8893514458406
692044455210094120,0
15222577,0
1010626200952167045,67.31374327685769
656537203036433810,35.890153501466564
941966459267198958,117.02922314228503
999574296843479844,123.12555158363763
45879182,172.87071642628246
19984762,0
20053035,90.47318882356234
17956375,171.80369721070602
639920368906600737,0
878316084492857619,54.25756723077038
1026330771029640399,0
29371812,0
41507750,342.74021092371197
761559137835061640,188.63130126932742
51270516,0
15114450,0
558083185211981123,201.78504064549088
983928337735608768,0
702165869400059143,0
21525948,0
48241024,0
35573202,-3.469074409019377
26785909,0
52403432,0
760706026458132701,129.47497210461154
2519442,386.0807126706105
6515667,0
53160390,130.22969819903136
998600450922814868,135.0575210583739
968803338228285546,0
1039886577433799014,0
49579788,124.18752408176083
52843682,0
932600588785710068,37.97664979463082
1039539027330470080,0
900027751786038180,179.376480558672
1041270228342489018,0
1005093880349278844,104.9999279362705
715981288326065862,66.06940157314565
22067592,0
773214911162646829,0
862919192998753246,201.38929400428617
837129757536564907,154.17625125276658
28803574,130.3745555572682
963844592938510449,0
546357092763173945,0
54193877,0
1939467,0
826969118937249243,189.35161854076256
39263153,0
49360466,0
17221782,0
46090808,122.66768826625223
17075885,0
760985260337363062,0
54394311,0
1005843819844526519,0
843826665813359867,224.19756745730655
822719660459550574,341.8416392794771
39847417,0
590084350280144129,0
666723555295266267,255.62140441397284
839940695514962516,5.847365836729074
49173480,458.19226955282414
999917012029114193,-37.41277193483208
49717875,132.62385161928492
614569250885720529,0
39127790,64.79445917983804
40408111,234.68337309889426
8564722,0
48741597,51.87517276209183
36175666,0
548625798375973502,56.17813041101863
673910208440725002,0
981379900691214951,227.5474318025939
5283285,-32.82643710622513
852324441790108863,-16.523499485944868
1013966707326544588,71.8327482457697
30909493,0
48812691,0
51059142,99.33120476679862
1042290913598252672,0
27337953,270.1336228818727
46984326,86.74008949119668
47880622,44.489201798767844
49479723,0
39509741,0
16823279,0
657450439128400737,0
18091194,128.8969492178274
753034455022769845,117.4645256341641
38706692,167.6570145323118
49226244,39.121910038967236
22264612,68.20136641197871
45328855,127.63654065998973
19952090,0
605703729803786889,0
822653851012929669,128.0646534471097
43818411,113.80803977237795
594772145650770690,117.26803580692054
32639509,15.058887565204238
38485286,99.60749184155411
864397774057425014,0
17514102,0
755050877692431406,0
34274882,197.71750101724146
38905823,25.841105407611373
565220841163030478,142.88419231226982
768628328747975904,16.52567532125008
901585988720006750,0
45990524,0
562895079547901858,21.78670066545992
9993846,213.29926204170326
999240342598836211,0
614631484350436569,0
905054651866923685,100.40077349634008
28359732,65.04735823371269
1025226660064314184,177.5063891830166
972689084201693273,0
796465765285127869,0
48321139,217.6495211502615
908745761186788374,32.360423960981926
897399470112656382,222.7558517165314
47826889,185.2027155817114
49250122,0
48343458,0
691322048105899974,0
50012376,0
17638039,0
18978187,0
54149843,0
2844042,135.42014716816615
806608553638514298,0
771317097414697304,104.7053216229064
858606588258932755,0
36265163,0
684164198533935697,0
628989428379651515,0
689532612051546251,0
40883695,137.09786695281164
29877084,110.08418907099501
13656318,0
53074694,0
955172109659094260,67.6956210494393
1005212195039655606,111.15930168258357
1022579520841804939,0
37334586,93.65203946525268
34685327,135.86895823797664
26961273,97.98020825616331
875582800500313455,226.82433147550768
987874985160801496,0
46725082,0
880290959400875942,0
1185749,6.150552124164995
786298364310704319,87.80698945736
688455980810539382,42.46794811700921
997358390091287680,0
50288668,0
1019911615265112076,0
909113424985120708,92.17942324791494
681768552735273379,273.948792182074
50291798,94.87208501433366
53883512,119.58221811028784
797176669447151363,92.59091212410432
816011269250088609,143.98158006089605
549108249238418183,198.33050751819633
54409093,505.66513140646725
720122713209746414,175.92078503440572
864527642059448923,70.63638607800357
717735802037241047,0
53519116,61.18547044271422
944124188023865850,136.60593175584992
840885374558932170,0
570233652996714993,115.51535511803247
2731202,64.2309930677705
24885019,0
693280666448184719,0
9637023,77.3244802493014
929840238302677053,182.54016219526528
939795816622522985,74.2022981695182
934182154632932625,410.71645208336906
32467607,0
50140405,0
791572628250090348,194.91454430995896
38750112,133.57917511825943
912190335524249561,218.64951790291246
1018936298993734881,94.26614168337638
964552002835515790,220.93759871721466
993392593295349328,138.86443262975988
708133673847259359,19.94819676743692
575181668806472479,0
36727196,126.92653402826932
42743155,0
18224208,61.57311753255121
33071256,460.274896947615
960179931628972194,13.68507987085653
7127223,367.9580847220075
1027153704777841190,107.36431038419346
664466515573809563,185.7537952983132
48394121,0
1003688967362279196,44.73634358008217
23123158,99.93566817956882
17906826,0
51359155,0
747371602238529763,0
654407641847270158,0
10945,0
724067452254070231,63.73568021009215
765858270291974118,0
847300085212422183,96.16367824267992
19759186,0
997013632707481508,0
688975780102010085,34.5052786652684
716618984818242831,72.13962075586429
8735904,0
787823387803441547,0
630198084070729440,128.5928223521699
31626407,0
39987474,0
658473034991914255,99.84254350581118
882652206891151568,0
881358620875977025,90.21700060930381
16052521,0
25555626,0
735355590284850737,71.5920909115845
873159658220492277,180.9184670968311
684478759420862032,20.333205726952716
46491432,65.61451513879081
619088093385715921,183.53174167812355
735574914788369317,0
719476850175866871,136.2092658120184
1011547672609056242,0
705591127572933499,270.5221863243324
43767503,0
950045929169892039,0
15162267,175.6041142999835
878582510947263612,80.18225496094054
46884313,9.033302647353016
41054645,24.359681132786015
932687818991252572,49.8378685457167
963854724290935291,181.28592205127552
1013961715137418032,0
33948840,0
953214002157156927,0
41197100,0
49943153,56.544354060636834
47904524,0
40684076,102.77754335611608
656524603351279909,12.678057403617377
950018289397840215,43.97001706907805
961072717886018581,617.0368016032421
785430167716769323,121.64830596942218
978198160675635304,0
30930197,0
20689785,0
2564678,180.57082217656546
781159796541991716,0
618367253711673346,96.58149957196714
49477699,0
899254972948648354,87.99157622139161
863660991842544370,37.10337047271975
38229310,74.1141297413418
905063580217104742,226.23234807197565
36832360,0
52638628,0
904575135036605667,1007.1206260771709
852110476511490886,0
900354720879021618,0
34276639,125.17922878569654
47052817,129.07645327571146
803752866182853089,169.6095331009115
963856902708470099,616.54169497125
963027377545130422,0
15216226,228.50610970277023
13656154,102.90558251842498
15954582,92.73168022395116
665236054181003453,25.644059546590988
603883304654863929,390.58739456224026
20921013,0
778188114644438749,0
3962072,33.500102306616476
42097144,156.7799624143818
49001576,127.6605363516572
52119892,0
1030175937848120083,0
705229307727552489,101.74415755639181
1042269869263786995,148.9978324061909
899901934193919580,0
724654441154176614,29.396802980808143
49447667,152.44818885477642
891424563108350679,103.4359850288929
729421891567680274,0
877304307345580475,150.88657289722292
911883594444629925,0
53227541,0
42566712,212.57667177408638
690690740363623495,148.6126029243393
621240346525815990,0
1036210059202161008,0
39059092,121.79583562033886
646443538868634616,0
31356183,0
646557416547912385,186.44860889858342
43149173,0
553192042659897513,82.06126791095326
26324097,0
924182093898039143,0
1025225382078607836,23.564718226627413
9049864,0
21110208,0
34337538,5.244790523305254
27783440,0
39798940,72.85749963838398
649987969908932555,0
29481624,91.89488300201457
577512690968445494,86.33507595664948
562895509098634422,0
818042515978491095,72.60156505795544
26133988,51.804990532703236
4457161,125.08198808428754
843028644486260666,125.55475155913253
51839918,0
939884931947437307,382.40597497624566
20264618,0
802886838904791751,189.15897086641118
985975895374258496,71.79517033443699
49462455,0
35230615,0
790883578380308463,0
28405971,78.18733172539305
646386647082376641,300.1986332899731
962495821255361646,174.8048231592436
1040724303268131599,0
12871814,265.7552969082856
816764064205494806,0
24340435,109.65157840557843
899570857858967003,169.4424778674728
993104010253661524,75.88932702446732
49732864,116.87803944656501
51727574,0
14058443,0
46332709,0
27804909,0
803541531787818945,219.50485146382997
674216624452040513,0
1002970855165850639,0
22045956,0
1044448055536486852,0
568760764098399722,0
875813802496264458,120.48240388409303
1011799929975496158,407.0666508587227
54077127,137.64432476137088
917397477041807299,0
5933672,93.5952799912247
44047696,193.5657901637282
6374350,0
975341829078334024,0
7649812,147.99880853619672
35517765,0
50104464,0
14141861,0
562452284517338021,-182.4893054804578
45172935,127.35222928010221
8743145,0
42361025,0
49018636,0
51552662,0
894273634351962663,0
27584436,132.64373294758948
853549847585841356,247.09014892457932
940642852501852959,163.8187719098959
41911779,0
33645248,0
951583025393537498,0
20640570,0
51192318,222.94464493315064
44535810,117.98421008636574
837651273534264559,210.1241518994896
15911102,126.50393298189925
6736478,0
34944861,30.656446548428917
668958388730805856,137.17869405472922
47131603,40.278250503868854
711542495666889849,115.88741689811285
1005024790781481300,0
49251081,0
582834897413067731,0
1040951993383135803,148.32115138978057
956943968798513237,356.5878631143303
51234939,368.0841424420647
1030556391758440016,258.39169944194845
29705065,187.653483855545
1025225441301503948,0
832083406902654521,0
45304453,135.69175532946937
41880370,74.8243632275965
45329300,42.90043827674982
592885157625123692,185.04321594252224
32862958,46.21758141003239
939687528324696640,55.45180794255515
207351,14.392543007129689
882212649694134413,0
905052728261977105,122.80283296935617
959712797328042286,50.56587686029288
11205769,930.0967488552255
628855874552199266,0
20862938,108.7342526212489
605673463724628515,181.33211287355238
781240611652369638,0
39002608,146.08770199059674
760970616533000519,0
48399453,0
24944885,144.3341902979084
999531118524905331,238.76426671593498
919774791415993184,69.64624368529832
812588698213960144,0
704265676914840779,214.3338017666755
21028123,0
36236696,0
587144825433281663,162.9641136186666
12038807,285.7864306563617
17191957,263.0613964750779
701150071038475143,179.70796452925356
42566678,174.01485654341172
650164651310033026,361.3302616014316
582941763450379226,42.14465310857997
805599838927456688,0
29413045,136.82804173631686
1045794547312328205,37.58273222694476
877757095461628875,0
1045891640778889531,0
857354179973989194,374.1390217392999
14774756,0
21254658,172.45842198508228
1039464647657017162,0
983931226851014355,117.41262825406211
289689,81.16875211154827
50808262,293.87197577757536
45868920,99.93383370217354
996585296771700263,0
45512087,224.1152219825288
52786074,0
634732334516100916,495.3385276977597
900780652938010521,0
991085362126087860,0
51290608,225.5342430907951
54177165,0
50082351,0
39154634,149.644494356256
802414610756875783,0
660417700935353935,7.593484203247957
9588999,119.625218433486
637163279309811800,0
52892316,129.77011752874796
681340075781451400,189.36723999097225
739568753122540479,78.80309932207305
571139009459149596,184.0721135370837
37912562,236.80712590183717
793743813788537738,0
42181134,0
29702099,124.79866438028837
44085884,0
50196900,0
731919700243917043,0
876712651291261486,0
916117751064062543,253.0066271509798
566941901462047756,0
49628025,44.11001049617892
653866168915242458,37.46270201707585
52877016,0
45792345,0
38644031,61.77858058416034
38604801,0
829096931877870439,630.996398690115
792742918010032219,0
50177472,0
796223569899914488,0
939454431513100924,318.68532567067683
49847089,32.788814673229986
50115227,182.9133410887858
858580880025997450,-364.8446177812028
764593141171260084,0
24631726,83.21161960808384
943318347146669178,0
41812235,0
737412812214391363,0
39127447,0
42566704,60.033176638708255
48606061,32.407485410608054
947773199277895203,83.19175946457293
822395411377047088,0
39339292,0
815938170026864626,385.1765570901053
855376203394835115,0
599857637500520449,332.1819108623512
756569713594312837,17.441699331266694
1005436065368019385,122.90194671027258
1040153231765065719,0
38870766,0
654752368519624148,217.22282629172517
905054570346153049,13.595449526365993
874848355229659252,0
52981303,0
47054253,0
53209214,0
862924603981060307,217.45936011455825
572530143620208517,35.91304115343059
25069194,80.43140835338261
758072223330776518,0
28811137,0
43196556,-9.67629887777361
697828213237048163,135.1553426819626
931423751324433113,0
6853688,0
30477805,0
923324284741539303,61.23426103209886
21039622,0
35769538,81.61878199400014
937525937855444747,221.10352995110424
50334589,152.2217027071765
47740144,0
665135946672819599,138.58003667047038
52616207,73.53977156766075
34774170,95.30264894557621
31440667,-8.742665335641297
464581,0
708700256475353305,-69.30631385463514
1025226822544125210,0
912522013503536290,163.11848880376004
30553860,155.38721586385532
619424648756640141,140.37323703528497
48866717,0
805925852111742111,0
22999010,111.32370939449741
882409852732328510,151.99576495421533
1026048651193227442,0
695634232558360064,77.88481664421805
53933840,151.2115900354925
834985028869992919,0
579952532680209285,35.072615600938526
830032482919888467,0
626294508486359635,222.56293574104032
643894696943783662,0
809622218552631721,0
993723478467085195,69.15615943389284
15853679,0
1024185019575778182,125.34822649061717
781899699941657666,67.42701472791367
11902507,107.92722978413393
878208604809836365,0
813112800917354530,143.75940676140877
979257485970311644,145.31483328386363
52887004,0
599270079159338740,0
654249001641943313,0
918783403872728546,203.5838142750433
948498355045757936,0
54086519,0
30584824,0
46581790,63.64840855959816
811376906079417326,0
690679893314015647,0
959930766561653001,183.49430620304528
649366334604413975,179.25811216839853
808910288031913668,214.5536130031031
924140192659774581,316.5190782635811
41594357,0
666922199430780798,248.10087117232698
883904768479998447,0
598647855022557143,0
596863939924134890,108.01819430004313
1040565117499557631,0
811377707909850214,0
45414008,154.29595510388972
920122490571777905,70.08265207307682
44490049,0
979942,68.56936595906336
864626439905433071,84.69544193208566
33749416,203.18462367093957
1019570996854312091,0
54077092,0
620792110886941059,122.79994457682416
33942774,0
15053294,0
49435650,107.61519755605546
679007528457398508,0
26317308,48.85835827932937
1044935947510699365,0
15499376,83.09045050775734
845630127026134316,0
663937063941457531,0
976753910696675016,199.41854296640955
1032031891232555682,11.09636173061637
54380603,46.87217742991516
52827826,186.41319294489827
43876715,0
32990852,0
16687380,72.77980933841536
930104688129501068,0
917200402137659780,0
38134829,200.8767909661477
892323934232221188,100.51795913249639
839171281167078836,280.46813298840306
739147795364466355,68.77114913102625
38912057,0
973549759355717758,154.95815115766484
966131842734816579,374.8037726423609
903591422099598338,59.29698033636629
656581427272696333,202.82903509512224
5297152,0
43653015,22.290960467653722
49462631,0
636355767032689677,120.39873021556807
882794700994439691,52.99922889992092
836345146374126199,176.98350794995332
25368126,76.9775804250162
913490581746160395,282.6100786453788
582859740787318961,0
915216880800481965,0
48244925,0
35265884,185.8565487745576
858733915028847540,0
49910471,162.22871391881225
52901533,180.8044750870705
804355070868142573,0
47537784,85.7301472603367
979926,142.30790672399112
42279886,52.27598444499614
48957867,86.25566195289097
870947328157412960,0
973903636912438854,247.0736607473598
22221220,131.2304126799616
34115512,184.85331049028173
36694345,0
674821388812462492,158.1520264409524
5496659,182.7829351133001
823105065520590620,152.92348386169672
943590899244820076,158.59344083736966
8743754,110.7794992365554
8718913,183.77688602453628
27799542,101.72703718870717
973002409814456767,152.82187002153276
907159283163297665,0
710842868920389085,63.98246663046433
43806243,144.0177474273062
610435645646336853,149.25842199751455
37833328,0
37658384,0
36184740,78.0711861957071
948586964517893945,0
826036071911122222,0
44161649,0
987666275935187783,142.05524226244458
45281916,0
684750963539212417,0
16508819,94.11399723197489
41756386,0
615055323555478081,144.4821581539857
785423932330914663,145.55268699824072
51211015,0
985495477376371494,137.38983958142583
50462364,85.94198050828899
48826574,223.22229949068685
976914878462533348,78.3934184552573
712064164914500549,391.87220784043166
904618469567962173,0
45505018,0
868475899478993572,112.86721350009633
51633184,118.35703227853598
997059405986143219,209.62711237344985
615781894376955798,152.41830255532997
45864010,170.37677682458138
745700021251652788,0
7825308,0
948174944305524456,0
41275135,0
959361326858592178,0
771102210897227948,0
671146129821287947,34.66733247394797
812416428046655798,369.087925502155
1036962690403731979,0
7713352,155.39770309124262
25376091,0
758094546115213846,-49.71116125080403
618677661800419266,35.23228186952202
12252435,139.59394463116158
50074274,0
52359201,52.44845244919165
867494228692676385,0
963839736532901456,206.9515504107622
970915238010653455,191.78759910526085
743490629366967417,0
546987159613574991,0
39362318,134.24944609801818
722359968132632044,0
741580514546954777,185.03746792573494
692204814924686363,606.0677360047281
1008916038882220406,127.2884663296167
16442292,0
963022789312055121,0
953001337182631833,104.68947803117224
44252444,24.27483713807883
622066599751195058,73.51445502961093
897831204090859929,0
564373996191588333,0
973122034984827609,54.53366529573749
739984431753442101,443.21501857735046
41884430,193.23036817286118
34211831,0
715429213182671649,0
50765568,219.85124781129176
47094733,63.59732807375939
25179867,78.13655139346596
636807735879697841,165.44208665505982
744949323107286779,96.6194546372309
984023304954451339,77.86910247552424
14820957,0
6750168,263.40606954546854
619121832008755075,61.92520876960407
814456266170506844,322.36895169480255
912587627156935240,0
53705363,0
37053533,0
883294748350338640,0
637186142163100079,0
946651002906978369,0
52391531,240.68588665698869
50074008,0
53351802,0
48834332,136.6028659584774
20319676,0
28511244,0
662863617887991108,10.996045860318764
24061425,100.64001075256833
29739220,117.63659404554089
895605385658281403,211.72205237720084
53470243,0
44066069,48.01621876290769
866318429557340926,88.73056951864504
638482710835258153,86.09990300106313
52116387,206.17278862150351
913489439194384240,0
1028397038137814793,0
724644315146483381,61.80663758447065
5126218,56.63532605908969
654394258321810408,0
40423941,0
312192,233.41209946751073
30316138,0
877027949558877337,0
33556246,0
795099860511357681,67.54474019948861
906706795051864773,0
37325675,119.34643623161162
570501134802495446,0
629534849745176751,85.25547420384085
15534374,0
1002473429355598221,67.54464479106618
776658665444678276,0
6552046,0
1029367835117594908,344.7197124616503
41792005,0
558569087123590590,24.118526069309105
40350602,184.22415125529
52919619,0
808048225308192110,220.71164038441452
913491502301681887,207.2121721413638
840663895696041834,132.89378799325456
25015036,132.94012065495522
933966507862102380,306.88877590558326
1017436642157328421,129.5570487589851
642015442862738222,238.0441349608227
834154510098180933,134.0443891447941
832515914377872868,0
2499596,0
1046402491152579103,76.56562861323646
19574382,0
676173347959786110,0
982079720271569487,242.92165314331072
36796742,139.70397980973368
44132383,0
6768827,0
43122703,7.8927055391269585
927801426800709369,0
854222884197878937,224.19409726298178
2298310,0
26804834,325.47944441437693
599419292548991863,0
24908843,0
31512539,184.31957280740323
555041639366197657,0
45463808,94.8229453101972
41239565,77.20198030826714
798618191030051139,0
1304049,178.29791858270323
710836543165696851,24.828589408593807
804340058010355222,58.7828956617155
623265637725732331,160.7831612403036
1039886351890728571,0
8859482,165.72010825197162
48146215,162.73175840506426
615566145145698815,190.14221613863995
45106084,0
1016941210281489969,32.18234286906051
795853919053845907,0
560254494131483242,0
48239081,151.59213032912308
1013915065503497063,0
39088461,0
986959098944544380,76.67671046853553
669577510168739004,0
46941176,148.53517645408581
998710344671298575,195.75710683092967
25055595,-21.63872838006496
44952202,0
404792,0
816730668430736803,140.79000402539756
736954705853246580,72.82934928666589
13343525,96.5885790031417
21390692,919.477743080726
29051115,0
21250973,0
28493052,0
989917421459506841,0
51741865,0
613068601338886624,65.36713506058805
39319667,116.8397068685562
49923914,0
38846165,48.85099011466922
26422842,0
1043495596356775536,90.42932542869731
1043391170026406510,0
955302852404139972,0
49672519,86.42151816561027
40369329,226.12804341708932
53989803,0
5847065,0
923431067443369152,0
923270054564804030,237.62147000152106
5861971,0
22713192,0
655003993641878485,0
856685275666500590,57.849600174665895
12452076,473.7304219075644
640469965697816739,655.4199641583996
883545643482655632,332.340402963485
18194698,41.56720093259934
39805358,114.81054651323261
21565589,147.76400315744272
45638810,89.13163329473151
734894870683504598,171.38173901987471
659499704359748152,18.97755095895659
983640,0
38521406,144.84743759666534
27359639,110.26396425419698
42309994,221.4003655460645
14215568,0
584288356196548594,0
844237467700689652,0
45991431,37.845990474044704
47291017,202.31993002882732
708167919331623507,40.42484850755232
2515629,0
778400859897950092,82.37488850438537
48806018,918.2145254792493
940473005840776822,0
16012260,0
1003572284273653706,222.76980254313315
41910320,259.46211398024155
965928937803215004,312.67519847928327
943637181024361388,0
745656095901301335,0
991280551556384499,0
810903797176815984,80.75138198243629
670473869827828379,56.01808708304094
53093394,0
33559534,181.16976310732838
954440146699385093,38.028610769172936
748759884716010160,0
53470203,0
45177174,0
639393583719624089,0
639745550659737701,238.4673366944079
8031382,231.42675505590822
34318581,0
18060003,163.90779056588977
44189377,105.85318925511068
733337042355126980,0
633231151985915385,43.54804387497325
824943279935530367,329.551475075257
976519894915219656,74.01354483382667
998575092318181185,129.87651058417703
25682427,0
50112403,60.22321292567625
837616683969903901,92.4628886909219
734508343348621586,0
15926884,81.31296022290356
706554215553200354,114.94308590948292
802052397517471268,0
712464927395754607,0
54297424,83.86881669158795
1019571009942741882,24.516747082183407
710783234005514613,0
1010110515597601807,161.97787196572287
558811956702505421,187.9527226148006
979028852250909169,103.41682625925021
564110098285404422,0
41026277,213.40811555059986
1015137878179124649,0
777081569923692574,152.12609622393327
895079045075282991,0
17173015,138.8891946309524
34088913,98.7639155090005
992638241678122602,64.79247655750623
724452312730860957,0
1837153,0
42953341,290.2441412922977
34201647,0
44344194,56.23367837780539
39777001,0
753572273135997260,0
25256823,197.8464847491087
11697616,0
814188550107137307,-15.47249183144295
49994878,0
950231178595795463,102.57364104087036
50473263,109.50726920055044
9645880,169.2491309186023
837659616246978644,0
36537053,0
54040677,77.98888021213156
680306371392534121,0
1034222326634075402,0
902229343656404311,0
893347817779329722,0
950241543888606673,223.54209255538893
818085784484545943,45.12079015061507
20666176,0
49732781,22.26755375712347
35495687,0
47924389,-41.867774983725575
1931880,200.05134809311608
35351970,35.30048602019591
986348165875971427,522.4631281979924
963847883346017321,0
725269862815514827,163.3966996752098
887569464410373355,201.1304959687915
880516430162106428,94.1838526610387
982838991729286923,0
34383700,0
49506405,88.35986780711745
30843280,83.06654412974721
53416475,0
43030447,138.44594261232137
14531526,51.73041062371927
1043747635482118338,206.75574975089359
20553228,0
721206461493393880,0
31630602,88.97707745681757
913154613757973777,0
862023955300889411,257.023516810625
44126327,0
856300834388403026,134.0341715000915
709253996205145218,229.8314839396918
701678386029960660,150.14788950432145
902824722083346695,67.98349506481074
34044886,0
719608622529173448,117.43164143259081
3870522,16.38866243624759
867482915989142375,0
856059776143534166,60.98197568650939
1032006644025767106,0
1023988842821692174,0
1017398420077724160,293.123406554933
739569040469489456,60.43764378040852
15166761,0
570431731739772437,0
50641075,155.00284202537708
1018165027330070363,0
2730613,86.45135545740688
608103066316430821,49.97360611322945
50526328,129.7290366477099
855178518937083755,0
8273329,0
999184916458037263,0
767226985954458283,0
882375563591071747,107.48825084785538
52504053,85.2709550244155
6472628,-25.337624741050423
882484071469594661,0
675971470747654897,0
19728643,0
11457931,-16.791610520960713
40991185,0
943711818507563017,0
32896171,65.53233948457336
985505888827984205,27.354008168982855
25940510,23.86515596572081
36912962,67.30657721599664
828567290919810654,5.495524745411742
48627471,334.3747414012884
659114113644213053,-20.61572300232019
2874486,37.50598745300032
52739562,-14.716573527487876
23233115,170.9315789485364
965189370365713872,161.77623892097787
651488133561343975,0
844341785896722119,8.769166869270618
53488369,0
1024177784854950691,0
12153109,0
30815437,0
914018747047650657,0
958491148202996771,129.15138285827783
914667559734022176,0
889906253034371939,269.3002152046284
1620098,132.5556857367085
10971749,53.835782894010606
38405999,39.147538362470335
51502365,0
663774233450286792,0
50678129,368.41241360352745
894330594462035934,173.88252012500303
1005829412201234186,104.37975611474337
627625502277340745,0
773290379901211109,91.10802139923426
741604241892082874,15.398991674123948
582554540712580074,260.0905842249335
753010229647354821,156.4518477498875
39842395,0
50619453,0
49015878,0
50890121,124.15738313045613
50492306,69.94216848275119
733966407303090422,169.20348230325965
10685564,86.41317162221219
38880514,233.20968037026356
12021281,0
968037086260126472,91.43935122868787
1025227475990806457,493.47616331393544
765477129323682949,0
53327385,206.18668507912884
1045186641282805256,119.08797519847586
832777325608001941,59.77688146291092
36835843,0
30539151,0
41308942,973.4390614166989
19158517,55.46671919573376
745901942830422419,0
1015501910732476785,150.57898282728368
45267938,104.54196101598556
52187274,66.02316968795745
1025225326712514603,0
18941958,181.83951514655027
39897784,46.08628140144169
709994867327259008,107.84577073056572
755870898747172601,174.8602537053259
21623896,177.42119394016328
678998149626085566,0
982799645715267248,21.29621384634436
748496008784407503,0
3517984,0
710829994571668284,52.21149974747421
946230712428398668,0
20834078,107.42323074744175
589217190374426243,129.63519181885533
636250064064462881,164.06826732649128
911708707673479585,0
43415181,208.92762375323537
225314,0
871771610794809480,64.18690141596906
829045348499615956,273.274467934467
664695836871797347,0
1024962757174077406,122.01249040314653
35511310,55.882968770098785
764001442250918816,206.29451023003514
36591524,78.08777469246597
1040795562244421787,24.778983059589855
23782141,123.46996026667684
685578146524543807,228.0628467949071
679039326986747318,146.470808545099
861062941868470442,134.16142282860986
714550557970047072,149.95121053001807
41081332,29.07861890707687
944808542849171667,88.26486592549374
942277749731948573,99.95939478774027
966119436193034006,-10.999405514081994
971012400858373155,206.84772945401778
31834718,186.47789710907887
20985600,0
881956026361535887,83.17263399124548
916058668836854207,68.75941517112497
3953322,73.5223066464773
775182531522241607,82.2429900786155
42414675,242.2955581319344
606779785483426973,0
714617422513825951,263.36757959127715
712446961560328553,0
14115706,0
963133548021652179,204.42108142506987
38131350,0
988618057024421491,178.59286694773243
21175666,0
35256357,0
984022031001990537,90.83678517275062
1008820663253148814,75.90148601906989
868630285947305080,0
46410258,139.4875633602151
507517,443.1249041882002
594773722624434961,6.706667094914471
745908537810678486,115.40188416258086
669850901654310442,147.48897563437723
41642496,0
39872186,136.63777807482725
21922221,311.7914399498067
911684890814516474,177.11116511416904
828359826502562197,0
50916130,189.62163117918996
574699620465952732,0.2193570114572922
53852043,170.0933381767976
952834179407110318,19.851567036121928
750116536953210383,0
956366491438988571,0
999302410406719946,29.98602105469628
705707747440509445,159.8658823412226
990517299477295071,0
24689136,0
48983084,140.256733457225
790707413840697517,0
932552950375092103,360.15669221317233
3696178,154.1218280388696
715340721058978951,0
888628726797097464,0
17170225,0
52628699,32.91171647675856
40936383,118.9751247041962
50724592,33.412650925408805
50197206,0
994223686718670828,59.21377465771512
34195425,224.32216467886906
850861161794906454,111.24143927125986
1039886404582802294,245.98316212987194
755037821878724162,183.260290412357
746982296201916619,0
53447886,70.90888515243391
730295139231154546,0
8098969,0
586453517796858519,149.29661579742995
745700854921311946,91.63145955118948
831314821531801640,0
772497844115621501,0
53589089,0
47003330,0
50347450,0
549108611975240743,104.33399134963835
42115574,152.42749694596685
892923767423038392,347.4966106761464
1013254354283979425,154.26014435261143
49888114,0
48467224,92.66525151058032
1026050961538018737,0
51538489,87.81849586999618
782724611815050105,0
47743138,59.37013270620491
17460467,64.16601442243878
45578959,25.566238493842498
12588033,0
43532857,134.24893655238546
31985965,175.93817829562025
721594156553924755,0
559636213330196068,0
50897462,0
49158897,0
38160411,149.97282838159003
686655613581921299,53.19277835730968
39481496,0
1006364732457000889,67.48217790190039
818812809487227044,0
1032754015527137233,245.89237102971916
36095198,0
19947376,30.76884140497434
580550047834328740,0
634236248016719410,0
26843049,0
772898671813364091,35.88981086452436
665142757187534827,0
804698802643794741,0
805185369638493710,274.1994228401152
949894124832886331,27.69597741783603
905053699761073594,64.08405430539703
871907172181842739,106.05835218367092
885843923967649226,421.84073803581686
755749994950695267,172.769642152261
648538391001763517,0
38814691,199.56394997233565
621089756776231347,37.45523023886961
10071396,180.43940094594325
34902785,96.127126592523
764669447707306735,0
701986109055506332,151.1443427689533
26783351,160.21199676660834
965967215198005689,160.56859534055772
902103049718395074,22.46780771105313
973172005270457229,-14.086566614615956
781027791738193889,0
652314641237026985,134.3972506246208
54003597,54.63018225931178
37091430,0
19862408,110.47831418217645
637197653346993791,95.20618883334328
26500795,82.65224305013187
1024033341148566281,194.84295575597363
51214098,231.94034226978675
17890798,105.0231458876048
564196146416255038,0
52565723,0
842200217049516969,126.19656045509748
724675483669048710,644.1397397947177
34081264,224.0432841637362
54291065,128.2314683697805
14166242,0
888841335195660169,81.37960202964818
821219077403611319,148.92711771131903
40821512,28.562848743937348
48103490,113.24101099548055
38161704,116.5487054085991
1032539371491806476,204.5378516462157
576812476640227625,0
697425620013484316,143.40522040422914
568083908378590579,71.34202839774689
52408276,0
54025437,89.88262798732485
941591484459326907,66.19613288566903
42936764,0
907306273104125830,0
692685186407794031,96.74599169570853
708136320791216608,0
850920931817664712,0
646455524586428840,0
828252445771384757,0
790680128488448674,148.99413445530857
893507723008542190,0
40312719,0
41976810,136.45087581192527
25364757,0
49733631,612.7164785650922
51222496,0
845798863461567579,282.1438665086437
998537233993248035,79.40621635303394
999155473086998835,0
49733339,55.46591289225154
621603555015073089,0
29706400,0
1004902903271501565,111.91729306578598
915858918477670919,110.02897733354091
937629276411292143,218.94020058319367
33421993,0
962361405937693682,132.66492158336493
37300218,127.15166464187136
45000378,80.24777628380797
1013925734385917823,304.49482692473015
51619207,60.295178037642984
624479774992982122,0
584106469967419660,188.75999258786905
40949874,0
986523343182507726,111.49647102734775
932816473330084020,160.9304395475946
776322746144071304,0
45241534,37.17757564379507
25452222,0
852921104475212247,151.9540208403029
6528643,0
23549428,56.16602849981035
668317278429919714,0
42566754,247.84112629639648
41552402,0
1005331139897368935,0
46758768,0
694723529328289405,0
806634866320635265,151.55750941607099
33471059,128.60079733464727
905045519490726592,0
21282070,95.32654015662999
997197251059977099,190.13673379777046
1013923839185827043,109.04722882530284
1032058656175109711,0
51797356,556.7750020604535
6374890,0
795680828644603531,124.7762058477761
608252541474551552,0
38377878,196.36858208944133
858774110188496351,85.4515616782903
718288780842318154,92.31209097192361
6673071,108.31418224312898
45956460,1125.0960186615844
48247873,0
42962445,161.77254562868902
562395453199176583,52.61657215838551
933970988754637851,96.07766526948593
968967858662637488,0
53541061,150.7141899013703
34601264,188.24293176534877
934631082343014056,139.63997811824325
801512085106777604,0
49912608,140.20611065152727
53061486,253.12878286690517
821140290392861321,158.1118708384076
53714954,133.48853340928227
664564069160624499,0
17465173,165.66206940808252
959002387465778174,0
44375009,45.792003952862395
40978910,133.82553573507587
947581269026310419,0
53531171,0
49872051,187.86955491907216
34750745,0
662945260229777032,0
23768638,0
1004499325647321388,0
604637184512414056,0
48304297,52.86748065463769
2305230,264.41250966741643
9487892,0
724631986961311911,69.13170395342479
939259298328790581,69.72896270217507
49504197,56.38971016427905
6716705,0
554153994786664588,179.36111634668214
853599394666049715,25.63770834301031
651319628968279396,181.02005655382163
54156415,356.71340488153453
31329286,152.28315605459144
1018162907374722766,0
748752344921447253,0
46431345,0
876310535557475564,0
38582176,0
829897346331499609,117.9333945161374
43486577,0
586831966551201588,74.1336191885407
19412268,136.69479508822863
762190630064709336,0
619558971946051955,0
729627718138861378,0
33453179,0
18704537,0
601385116912568483,0
951401894915263074,358.6969779544082
649476858911076646,284.4718123075059
620800540630600627,0
902010626468811080,138.10836906551535
854482377609091622,148.04471885959143
813182290198285688,204.46327100278037
49568786,0
918954691553284666,0
8780493,0
945662570819270466,0
666672711514359250,0
829051045245683600,0
913496400531498409,199.89725037126982
54167860,0
583397764875300847,199.62992946856036
579107910918953261,138.3545893754463
1039444211933494306,123.0767314022729
50700037,0
49988278,552.2517808366578
971193422148968591,84.20849336293033
542067,110.67715006225346
12714714,153.00430539869433
41784722,124.35440723575287
942310135021378723,0
652039003878166759,0
706996622858575642,122.18070934037158
26504307,0
737412541519216538,56.30748253799243
966612462754620263,0
1008831968591715198,0
48271850,87.620894888922
705781782747338956,224.35789300808938
20360882,132.16083279433602
752947588160350392,132.20547865651795
852421782006728492,0
598413122047211502,0
975177120093570420,0
714911926018490296,0
877657403587993289,121.07506158509844
6528867,45.61833086672011
869593588915028885,0
656667859721501707,130.7933244794927
5117490,335.0907177693682
734035064351747901,107.06900943757499
933355342404502923,0
646247008059024745,76.12376696951483
651565501070072823,221.15975010865407
21547974,92.80512530065864
43662803,0
40530056,24.317733690398377
53470197,118.95022267199117
50632700,217.49568768106462
910897576330216506,0
907337614238361499,263.0252610619329
908824861521419564,167.9548785660752
15132653,0
892117718207837857,27.397671523325823
53475204,0
41900467,35.179315049060655
51198174,0
6528832,205.32318779704354
705398491669442084,156.81688526644882
49914111,618.2281770314497
894774932883016783,0
591475031049104434,0
40940521,62.05182273032749
979678941138946786,29.09429080254412
872583654225293161,156.2680242613947
50758845,105.3042953947912
42588723,10.968743699235565
960158967188957338,98.47225891015123
924203651424238737,0
840887469414002508,0
842816582493215704,0
929220018769945029,80.22446720511063
54165378,131.69550711757682
29991802,0
943480956651590901,354.8552875739959
38556018,41.31091911566944
995709043183056401,0
28108782,36.17209010720699
1039886882043261802,461.4437090089008
1037514647272206164,196.66173776865372
1019714586109687014,84.55924419905801
27226695,109.31517910184066
1041613455767769544,0
94450,0
663129806292383761,125.05988706241935
38843384,77.81505180285676
18331520,85.5239040116641
44145458,-73.58416700405694
46116148,0
701986904653138052,0
2679456,0
976998614768513719,0
756864129367543529,0
866029242333724276,67.39331779750114
713613816438240685,61.579588786049186
882498249324146262,52.28522628215575
584731448523744002,122.81516254289006
50806225,62.33301149188952
670695401930795029,237.43581219623644
28777485,-11.345419179813765
1025568761673204827,0
23146021,18.556161419098544
16143701,122.31935207509898
44665594,70.76464727791438
747134626137040628,2.909366972213268
565284835821130118,0
573186721489825424,0
555148100217828711,0
49647292,-29.57610667408095
653065502789340325,96.17835612540976
38090971,55.735946596687
967317432760609494,79.4867195680835
892253984691342254,118.55505910218294
856369660304815291,113.14186830586776
719593825168502741,102.17702840418995
1022128057485704514,149.85576775552718
626233122712948682,558.2492124937163
863691219097429910,0
972934054476960697,0
589937698151242046,61.083318427792136
627547867125214827,117.17510920766254
1023798778417595484,67.67569251003422
1018545396294431227,0
791098295374217170,409.3876453405217
32245343,0
54025250,144.55193834229064
887951389891106480,0
721068549540836836,236.00574415813637
1032054168511211245,178.7452705173644
1030566484237215824,68.95209447747251
886930474716126651,0
49571413,0
24751573,0
641344088809444688,377.60474549971696
27228203,94.77236267872689
819679354816985239,105.92032754509215
53396637,23.59462561135127
41910929,0
950632941606379851,0
625556016732844842,0
36236909,0
38702660,145.61336373318434
589942224820170647,61.42503086567875
618835403431967033,48.39489570675244
1015328862017617281,253.15091783956757
932046201339398531,0
1026018819983920640,0
721545377208289150,0
34975034,160.09579569107817
48881428,180.69713428672245
961615746450924403,104.22773471025145
13416789,30.852555782349185
7575577,88.3672004568413
27166317,0
917275668634888013,493.4117097009879
42952568,-9.553265179413932
645305104897024342,0
718166224884968545,0
734851598384432592,0
913491450647929075,465.46510964468075
797895490484059668,98.293730928104
987930050369288890,52.387858178586825
882129239375998594,0
40702777,0
41821322,81.92298191129242
41018199,23.497515118997505
864717656930745311,489.19611963374723
966243819258421426,0
887884578137379510,0
625249237072411329,3.250892065858513
53056137,0
913489494952911944,0
675559012224578692,0
991314976848413674,147.81275453116152
13207526,145.5708083391589
49405979,0
1018555821497710714,0
53562198,158.8221401916081
28948015,0
21710408,227.44201017062562
942073556902892311,79.10265021947342
742148621818417986,263.74913486548246
48242497,207.86931167116342
48242050,114.346222691666
878104893587120556,9.201402101032313
1025227575674011084,0
23467251,163.89787478103491
18072628,0
969768212770420822,338.91232751222907
36080732,36.04934579870412
572478943867267168,69.24138323847518
705858558343241323,43.313754579494834
737827317300733485,6.42840068376639
18926227,31.304100939920716
44307585,186.84374794145404
45515581,0
39930665,85.66425313361286
36912569,42.56354997418938
887869567510745634,94.67482698196758
585271531182033477,0
973593687964378809,0
939198536188124764,0
558214751124159866,0
8151461,318.06636911611463
669609685319714177,0
37570453,0
968929104784500862,116.40765492037586
19242207,148.7122050250679
966644008036474930,93.15351867017004
547560305516108938,158.0418757898399
852124385085460400,89.83049907094127
52520901,0
883137402588150429,0
20498813,0
734815762552721189,238.2355035099274
863120,182.48494241290408
52350546,387.0794103361288
30791532,78.74604826051112
699415166089140691,0
1032518266884202498,108.92361369631759
10548699,144.4053892839532
1019620660679221852,-22.92376403508423
893410167893705135,138.65295738699845
1039248907752559339,0
757855631547862796,115.294415942854
665899022705423412,92.594291790365
41910293,52.36295335651411
550132775308970520,555.9389262534331
49219176,0
39968049,40.67791223302461
6757098,0
953703924523891702,269.47433180784526
42962600,128.23565286874032
41843189,168.5638252665309
928804582269430267,0
1040970689937650204,0
1025405055119058173,190.91748185400297
1025226766918648390,-10.1982865861602
49072979,112.91991707827536
692075993209327711,0
1025226509285940393,0
755760324367659058,0
867393727443549310,0
966987334869907296,0
948807522571127459,0
44203673,0
47862092,168.80301204364122
39789550,0
31651421,314.95242356161725
638186212208469650,0
734910571075793031,0
44433063,0
35377394,86.60881938909895
658904039082440625,0
8272970,199.04767639453308
39604043,53.22706628271442
46883659,91.17416496672102
35731377,0
590769023911548317,0
11256503,42.62875924362642
817416364510656898,0
49375436,218.7131584709457
902142120588141891,0
907438403132923262,0
733987323256372586,0
1020501574851822888,0
35667306,71.51781587096028
52930258,199.21481285515344
32821107,0
51889202,13.561046055575876
996379887273811926,510.03649282697825
48526470,0
39769104,86.44792275618069
1004687888796980192,147.21838872756686
998638669306432558,183.73151351223805
48851043,0
656658446021972219,48.62186493114496
619175940214092009,154.55065509671712
810644580230760321,22.634704323210347
838125655658022105,163.42037141885433
25185122,0
19551521,0
840427868506248683,84.270810521227
47530764,0
755590936219462096,0
25238570,50.44549094067764
51231216,0
39250842,0
1024881744427060152,104.360525551301
49912690,0
883602864870242954,67.10207157117694
12095628,0
868479328856816706,76.26028428539792
596432749721020740,0
701152608951377256,0
916773154920005655,6.246834153318402
52892301,0
587537582301393587,0
48957294,161.20820758360853
665917549123068457,221.45410673562785
33376719,492.23760124620935
906432544264735269,155.18558224370258
925411948808477755,0
748671507545699034,516.9948503183306
717257767258978204,121.47088500216577
53362617,139.92751879456986
24695751,0
1029160229862535511,-23.13274806026099
52900675,0
968363327791790435,701.1807248531168
44213095,21.39732377750649
28712532,137.06992144898973
629028544930934083,0
983365330208493298,5.740146256667578
39090243,383.8646384950086
34137266,0
735912665129409829,67.81868304712867
53673379,40.18566353738053
15549085,142.64153703537968
953665326931235956,33.33430409518011
15500042,0
765870413335885635,96.98984934518533
53751055,39.281224141789956
13798441,0
836498950311959624,0
39028448,190.61586775025594
22058333,0
749449055071539252,0
47838496,0
44472881,207.37074576795698
975806375396218857,-22.092520050204755
994957664036576476,40.19774845094778
929914,0
52578400,70.84799455931037
936385876337494205,153.7997955778268
955772207116632111,0
982240288045864337,0
779440121397093436,0
47915321,69.70398332065963
959390005223227567,0
29707921,71.24166393731596
34785627,87.32187027920243
28260301,0
26638729,151.66161817663883
640360632827167793,95.40353929765068
628435018118317455,72.59991312956348
901373216468992285,0
664580338277962658,272.84135123250746
50441239,22.23252011324232
42704241,0
50308546,92.98614083195277
52308229,0
20679988,154.30816380406537
48112045,0
697634,88.76773072748288
671015054572757157,120.84167493721904
1011737937458714939,57.3053098134117
552947036904987386,0
653812300930948775,24.031841231999017
933997121965792652,0
742513462056502075,0
47741881,0
777496291747246525,0
6994290,0
52771190,193.99335337500193
683756507859837596,0
52421674,0
21501639,0
885506184654919257,0
907890802430849926,0
39943878,16.476431856134557
29103060,504.5780338140055
52611597,88.68542460406177
2396340,132.76041495141376
1040626023343573603,0
1026223132622280042,153.6321910997813
48627682,0
22793106,35.84817563167108
6378085,9.822368433884192
51332463,93.81000753005434
812221846836994999,121.87792925827185
740508688975639404,0
917685628877003189,0
18345004,92.64114031561165
39859340,102.36270880355907
45868710,0
27336178,15.974585430562426
668727164968884050,0
836120781617232751,0
1016969733584680650,0
944124263006454777,93.70876775091146
53767408,83.4240755463362
745984908602258238,0
1032061998928973571,127.16962465219062
47537168,78.7433605189098
35346506,0
706088035897468344,0
650160703312946665,0
51910355,0
17438902,0
913041094528056499,99.46822031789178
44163692,89.79889650375672
52466002,212.72645759046657
835066647677257371,0
43422337,178.10038765824214
47028932,0
6363328,0
51431792,50.97386943290281
40925917,0
50260293,169.9881995976461
622337625561636043,38.065091767992804
1004264039219681418,102.75540763470438
51815676,0
1018163973208459432,0
777051892890379932,33.58803334355583
44126353,41.76629396317518
53930197,0
49771548,21.343222535708097
780251823315015012,61.75755017993137
725772837992951461,0
884477088547981850,0
7810030,108.0741702722484
37107960,0
20227969,135.3786322750174
21090640,0
972960141747114131,157.9587493615729
893299689639304013,0
580381451516608153,0
46816683,77.47513616480902
902273812442510813,57.8063115957695
871704134665304671,40.35180191440295
985644987503681619,147.99790067729052
15464357,0
1024966392920308033,0
37458664,0
37752023,0
35284235,75.25673801278263
22399540,0
964949640914649520,71.4485821153338
18007859,111.08365901664011
736269020394606618,0
39872019,170.50641990675996
